risk_band,Count,Default_Rate,Avg_PD,Min_PD,Max_PD,Action
1 - Low Risk,2607,0.007671653241273495,0.0420374,0.0011006367,0.14992055,✅ Auto-Approve
2 - Medium-Low Risk,490,0.0673469387755102,0.21690822,0.15011555,0.29894406,🔵 Standard Terms
3 - Medium-High Risk,274,0.0948905109489051,0.39028177,0.3001288,0.49992406,⚠️ Manual Review
4 - High Risk,1629,0.8931860036832413,0.8754612,0.5001705,0.999775,❌ Decline
